{
  "phase": "4-code-regression-fixes",
  "timestamp": "2026-03-13T20:16:17.836237",
  "git_hash": "fcf37b9434b69db20829df225512cf4973e5720d",
  "config": {
    "noise_range": [
      0,
      "4*pi"
    ],
    "lr_critic": 1.8046e-05,
    "lr_generator": 6.9173e-05,
    "lambda_gp": 2.16,
    "n_critic": 9,
    "lambda_acf": 0,
    "epochs": 200,
    "epochs_completed": 200,
    "batch_size": 12,
    "num_qubits": 5,
    "num_layers": 4,
    "window_length": 10,
    "eval_every": 10,
    "early_stopping_patience": 50,
    "early_stopping_warmup": 50,
    "fallback_used": false
  },
  "metrics": {
    "emd": 0.0013013022351797423,
    "moments": {
      "real": {
        "mean": 0.0024491515941917896,
        "std": 0.02174459770321846,
        "kurtosis": 1.398606300354004
      },
      "fake": {
        "mean": 0.06091987853927261,
        "std": 0.04293013095093097,
        "kurtosis": 0.11524155612388398
      }
    },
    "psd": {
      "real_psd": [
        0.007327659751235307,
        0.003804662537057147,
        0.004022661344490769,
        0.003347490785005951,
        0.0066958656287733195,
        0.00522646908403228
      ],
      "fake_psd": [
        0.39087998215028247,
        0.01987977506717358,
        0.017669852460316337,
        0.012855223300962467,
        0.02253740458812832,
        0.01865828148693706
      ],
      "total_power_ratio": 15.858128048817381,
      "real_peak_freq_bin": 4,
      "fake_peak_freq_bin": 4,
      "peak_freq_match": true,
      "num_freq_bins": 6
    },
    "training_dynamics": {
      "final_critic_loss": -0.5656467934848983,
      "final_generator_loss": 0.24088596085317504,
      "elapsed_seconds": 1700.38,
      "epochs_completed": 200,
      "emd_history": [
        0.0019405504587155682,
        0.0016317948717948603,
        0.001998431372549005,
        0.00246122186495176,
        0.0030044444444444177,
        0.0013013022351797423,
        0.0020799999999999725,
        0.002684886128364377,
        0.001426368477103274,
        0.0022148494983277554,
        0.0020339544513457387,
        0.0013167213114753762,
        0.002301981981981935,
        0.0023294211576846365,
        0.0024681856540084263,
        0.001973333333333339,
        0.002906423505572427,
        0.002053074433656941,
        0.0023869706840390858,
        0.00217609609609608,
        0.0021107692307692294
      ],
      "best_emd_epoch": 51
    }
  },
  "hpo_baseline": {
    "best_emd": 0.001137,
    "threshold_2x": 0.002274
  },
  "outcome": "PASS"
}